ApplicantIncome,CoapplicantIncome,Dependents,LoanAmount,Loan_Amount_Term,Property_Area,Education_Graduate,Education_Not Graduate,Gender_Female,Gender_Male,Married_No,Married_Yes,Credit_History_0.0,Credit_History_1.0,Credit_History_1.0,Self_Employed_No,Self_Employed_Yes,Loan_Status_N,Loan_Status_Y
5849,1601.9163302636496,0,142.51153039832286,360.0,Urban,1,0,0,1,1,0,0,1,0,1,0,0,1
4583,1508.0,1,128.0,360.0,Rural,1,0,0,1,0,1,0,1,0,1,0,1,0
3000,1601.9163302636496,0,66.0,360.0,Urban,1,0,0,1,0,1,0,1,0,0,1,0,1
2583,2358.0,0,120.0,360.0,Urban,0,1,0,1,0,1,0,1,0,1,0,0,1
6000,1601.9163302636496,0,141.0,360.0,Urban,1,0,0,1,1,0,0,1,0,1,0,0,1
5417,4196.0,2,267.0,360.0,Urban,1,0,0,1,0,1,0,1,0,0,1,0,1
2333,1516.0,0,95.0,360.0,Urban,0,1,0,1,0,1,0,1,0,1,0,0,1
3036,2504.0,3+,158.0,360.0,Semiurban,1,0,0,1,0,1,1,0,0,1,0,1,0
4006,1526.0,2,168.0,360.0,Urban,1,0,0,1,0,1,0,1,0,1,0,0,1
12841,10968.0,1,349.0,360.0,Semiurban,1,0,0,1,0,1,0,1,0,1,0,1,0
3200,700.0,2,70.0,360.0,Urban,1,0,0,1,0,1,0,1,0,1,0,0,1
2500,1840.0,2,109.0,360.0,Urban,1,0,0,1,0,1,0,1,0,1,0,0,1
3073,8106.0,2,200.0,360.0,Urban,1,0,0,1,0,1,0,1,0,1,0,0,1
1853,2840.0,0,114.0,360.0,Rural,1,0,0,1,1,0,0,1,0,1,0,1,0
1299,1086.0,2,17.0,120.0,Urban,1,0,0,1,0,1,0,1,0,1,0,0,1
4950,1601.9163302636496,0,125.0,360.0,Urban,1,0,0,1,1,0,0,1,0,1,0,0,1
3596,1601.9163302636496,1,100.0,240.0,Urban,0,1,0,1,1,0,0,0,1,1,0,0,1
3510,1601.9163302636496,0,76.0,360.0,Urban,1,0,1,0,1,0,1,0,0,1,0,1,0
4887,1601.9163302636496,0,133.0,360.0,Rural,0,1,0,1,0,1,0,1,0,1,0,1,0
2600,3500.0,0,115.0,360.0,Urban,1,0,0,1,0,1,0,1,0,1,0,0,1
7660,1601.9163302636496,0,104.0,360.0,Urban,0,1,0,1,0,1,1,0,0,1,0,1,0
5955,5625.0,1,315.0,360.0,Urban,1,0,0,1,0,1,0,1,0,1,0,0,1
2600,1911.0,0,116.0,360.0,Semiurban,0,1,0,1,0,1,1,0,0,1,0,1,0
3365,1917.0,2,112.0,360.0,Rural,0,1,0,1,0,1,1,0,0,1,0,1,0
3717,2925.0,1,151.0,360.0,Semiurban,1,0,0,1,0,1,0,0,1,1,0,1,0
9560,1601.9163302636496,0,191.0,360.0,Semiurban,1,0,0,1,0,1,0,1,0,0,1,0,1
2799,2253.0,0,122.0,360.0,Semiurban,1,0,0,1,0,1,0,1,0,1,0,0,1
4226,1040.0,2,110.0,360.0,Urban,0,1,0,1,0,1,0,1,0,1,0,0,1
1442,1601.9163302636496,0,35.0,360.0,Urban,0,1,0,1,1,0,0,1,0,1,0,1,0
3750,2083.0,2,120.0,360.0,Semiurban,1,0,1,0,1,0,0,1,0,1,0,0,1
4166,3369.0,1,201.0,360.0,Urban,1,0,0,1,0,1,0,0,1,1,0,1,0
3167,1601.9163302636496,0,74.0,360.0,Urban,1,0,0,1,1,0,0,1,0,1,0,1,0
4692,1601.9163302636496,1,106.0,360.0,Rural,1,0,0,1,1,0,0,1,0,0,1,1,0
3500,1667.0,0,114.0,360.0,Semiurban,1,0,0,1,0,1,0,1,0,1,0,0,1
12500,3000.0,3+,320.0,360.0,Rural,1,0,0,1,1,0,0,1,0,1,0,1,0
2275,2067.0,0,142.51153039832286,360.0,Urban,1,0,0,1,0,1,0,1,0,1,0,0,1
1828,1330.0,0,100.0,360.0,Urban,1,0,0,1,0,1,1,0,0,1,0,1,0
3667,1459.0,0,144.0,360.0,Semiurban,1,0,1,0,0,1,0,1,0,1,0,0,1
4166,7210.0,0,184.0,360.0,Urban,1,0,0,1,1,0,0,1,0,1,0,0,1
3748,1668.0,0,110.0,360.0,Semiurban,0,1,0,1,1,0,0,1,0,1,0,0,1
3600,1601.9163302636496,0,80.0,360.0,Urban,1,0,0,1,1,0,0,1,0,1,0,1,0
1800,1213.0,0,47.0,360.0,Urban,1,0,0,1,1,0,0,1,0,1,0,0,1
2400,1601.9163302636496,0,75.0,360.0,Urban,1,0,0,1,0,1,0,0,1,1,0,0,1
3941,2336.0,0,134.0,360.0,Semiurban,1,0,0,1,0,1,0,1,0,1,0,0,1
4695,1601.9163302636496,0,96.0,360.0,Urban,0,1,0,1,0,1,0,1,0,0,1,0,1
3410,1601.9163302636496,0,88.0,360.0,Urban,1,0,1,0,1,0,0,1,0,1,0,0,1
5649,1601.9163302636496,1,44.0,360.0,Urban,1,0,0,1,0,1,0,1,0,1,0,0,1
5821,1601.9163302636496,0,144.0,360.0,Urban,1,0,0,1,0,1,0,1,0,1,0,0,1
2645,3440.0,0,120.0,360.0,Urban,1,0,1,0,0,1,1,0,0,1,0,1,0
4000,2275.0,0,144.0,360.0,Semiurban,1,0,1,0,1,0,0,1,0,1,0,0,1
1928,1644.0,0,100.0,360.0,Semiurban,0,1,1,0,0,1,0,1,0,1,0,0,1
3086,1601.9163302636496,0,120.0,360.0,Semiurban,1,0,1,0,1,0,0,1,0,1,0,0,1
4230,1601.9163302636496,0,112.0,360.0,Semiurban,1,0,1,0,1,0,0,1,0,1,0,1,0
4616,1601.9163302636496,2,134.0,360.0,Urban,1,0,0,1,0,1,0,1,0,1,0,1,0
11500,1601.9163302636496,1,286.0,360.0,Urban,1,0,1,0,0,1,1,0,0,0,1,1,0
2708,1167.0,2,97.0,360.0,Semiurban,1,0,0,1,0,1,0,1,0,1,0,0,1
2132,1591.0,0,96.0,360.0,Semiurban,1,0,0,1,0,1,0,1,0,1,0,0,1
3366,2200.0,0,135.0,360.0,Rural,1,0,0,1,0,1,0,1,0,1,0,1,0
8080,2250.0,1,180.0,360.0,Urban,1,0,0,1,0,1,0,1,0,1,0,0,1
3357,2859.0,2,144.0,360.0,Urban,0,1,0,1,0,1,0,1,0,1,0,0,1
2500,3796.0,0,120.0,360.0,Urban,1,0,0,1,0,1,0,1,0,1,0,0,1
3029,1601.9163302636496,3+,99.0,360.0,Urban,1,0,0,1,0,1,0,1,0,1,0,0,1
2609,3449.0,0,165.0,180.0,Rural,0,1,0,1,0,1,1,0,0,0,1,1,0
4945,1601.9163302636496,1,142.51153039832286,360.0,Rural,1,0,0,1,0,1,1,0,0,1,0,1,0
4166,1601.9163302636496,0,116.0,360.0,Semiurban,1,0,1,0,1,0,1,0,0,1,0,1,0
5726,4595.0,0,258.0,360.0,Semiurban,1,0,0,1,0,1,0,1,0,1,0,1,0
3200,2254.0,0,126.0,180.0,Urban,0,1,0,1,1,0,1,0,0,1,0,1,0
10750,1601.9163302636496,1,312.0,360.0,Urban,1,0,0,1,0,1,0,1,0,1,0,0,1
7100,1601.9163302636496,3+,125.0,60.0,Urban,0,1,0,1,0,1,0,1,0,0,1,0,1
4300,1601.9163302636496,0,136.0,360.0,Semiurban,1,0,1,0,1,0,1,0,0,1,0,1,0
3208,3066.0,0,172.0,360.0,Urban,1,0,0,1,0,1,0,1,0,1,0,0,1
1875,1875.0,2,97.0,360.0,Semiurban,0,1,0,1,0,1,0,1,0,0,1,0,1
3500,1601.9163302636496,0,81.0,300.0,Semiurban,1,0,0,1,1,0,0,1,0,1,0,0,1
4755,1601.9163302636496,3+,95.0,360.0,Semiurban,0,1,0,1,0,1,1,0,0,1,0,1,0
5266,1774.0,3+,187.0,360.0,Semiurban,1,0,0,1,0,1,0,1,0,0,1,0,1
3750,1601.9163302636496,0,113.0,480.0,Urban,1,0,0,1,1,0,0,1,0,1,0,1,0
3750,4750.0,0,176.0,360.0,Urban,1,0,0,1,1,0,0,1,0,1,0,1,0
1000,3022.0,1,110.0,360.0,Urban,1,0,0,1,0,1,0,1,0,0,1,1,0
3167,4000.0,3+,180.0,300.0,Semiurban,1,0,0,1,0,1,1,0,0,1,0,1,0
3333,2166.0,3+,130.0,360.0,Semiurban,0,1,0,1,0,1,0,0,1,0,1,0,1
3846,1601.9163302636496,0,111.0,360.0,Semiurban,1,0,1,0,1,0,0,1,0,1,0,0,1
2395,1601.9163302636496,1,142.51153039832286,360.0,Semiurban,1,0,0,1,0,1,0,1,0,0,1,0,1
1378,1881.0,2,167.0,360.0,Urban,1,0,1,0,0,1,0,1,0,1,0,1,0
6000,2250.0,0,265.0,360.0,Semiurban,1,0,0,1,0,1,0,0,1,1,0,1,0
3988,1601.9163302636496,1,50.0,240.0,Urban,1,0,0,1,0,1,0,1,0,1,0,0,1
2366,2531.0,0,136.0,360.0,Semiurban,1,0,0,1,1,0,0,1,0,1,0,0,1
3333,2000.0,2,99.0,360.0,Semiurban,0,1,0,1,0,1,0,0,1,1,0,0,1
2500,2118.0,0,104.0,360.0,Semiurban,1,0,0,1,0,1,0,1,0,1,0,0,1
8566,1601.9163302636496,0,210.0,360.0,Urban,1,0,0,1,1,0,0,1,0,1,0,0,1
5695,4167.0,0,175.0,360.0,Semiurban,1,0,0,1,0,1,0,1,0,1,0,0,1
2958,2900.0,0,131.0,360.0,Semiurban,1,0,0,1,0,1,0,1,0,1,0,0,1
6250,5654.0,2,188.0,180.0,Semiurban,1,0,0,1,0,1,0,1,0,1,0,0,1
3273,1820.0,2,81.0,360.0,Urban,0,1,0,1,0,1,0,1,0,1,0,0,1
4133,1601.9163302636496,0,122.0,360.0,Semiurban,1,0,0,1,1,0,0,1,0,1,0,0,1
3620,1601.9163302636496,0,25.0,120.0,Semiurban,0,1,0,1,1,0,0,1,0,1,0,0,1
6782,1601.9163302636496,0,142.51153039832286,360.0,Urban,1,0,0,1,1,0,0,0,1,1,0,1,0
2484,2302.0,0,137.0,360.0,Semiurban,1,0,1,0,0,1,0,1,0,1,0,0,1
1977,997.0,0,50.0,360.0,Semiurban,1,0,0,1,0,1,0,1,0,1,0,0,1
4188,1601.9163302636496,0,115.0,180.0,Semiurban,0,1,0,1,0,1,0,1,0,1,0,0,1
1759,3541.0,0,131.0,360.0,Semiurban,1,0,0,1,0,1,0,1,0,1,0,0,1
4288,3263.0,2,133.0,180.0,Urban,0,1,0,1,0,1,0,1,0,1,0,0,1
4843,3806.0,0,151.0,360.0,Semiurban,1,0,0,1,1,0,0,1,0,1,0,0,1
13650,1601.9163302636496,2,142.51153039832286,360.0,Urban,1,0,0,1,0,1,0,1,0,1,0,0,1
4652,3583.0,0,142.51153039832286,360.0,Semiurban,1,0,0,1,0,1,0,1,0,1,0,0,1
3816,754.0,2,160.0,360.0,Urban,1,0,0,1,0,1,0,1,0,1,0,0,1
3052,1030.0,1,100.0,360.0,Urban,1,0,0,1,0,1,0,1,0,1,0,0,1
11417,1126.0,2,225.0,360.0,Urban,1,0,0,1,0,1,0,1,0,1,0,0,1
7333,1601.9163302636496,0,120.0,360.0,Rural,0,1,0,1,1,0,0,1,0,1,0,1,0
3800,3600.0,2,216.0,360.0,Urban,1,0,0,1,0,1,1,0,0,1,0,1,0
2071,754.0,3+,94.0,480.0,Semiurban,0,1,0,1,0,1,0,1,0,1,0,0,1
5316,1601.9163302636496,0,136.0,360.0,Urban,1,0,0,1,1,0,0,1,0,1,0,0,1
2929,2333.0,0,139.0,360.0,Semiurban,1,0,1,0,0,1,0,1,0,1,0,0,1
3572,4114.0,0,152.0,360.0,Rural,0,1,0,1,0,1,1,0,0,1,0,1,0
7451,1601.9163302636496,1,142.51153039832286,360.0,Semiurban,1,0,1,0,1,0,0,1,0,0,1,0,1
5050,1601.9163302636496,0,118.0,360.0,Semiurban,1,0,0,1,1,0,0,1,0,1,0,0,1
14583,1601.9163302636496,1,185.0,180.0,Rural,1,0,0,1,0,1,0,1,0,1,0,0,1
3167,2283.0,0,154.0,360.0,Semiurban,1,0,1,0,0,1,0,1,0,1,0,0,1
2214,1398.0,1,85.0,360.0,Urban,1,0,0,1,0,1,0,0,1,1,0,0,1
5568,2142.0,0,175.0,360.0,Rural,1,0,0,1,0,1,0,1,0,1,0,1,0
10408,1601.9163302636496,0,259.0,360.0,Urban,1,0,1,0,1,0,0,1,0,1,0,0,1
5667,2667.0,2,180.0,360.0,Rural,1,0,0,1,0,1,0,1,0,1,0,0,1
4166,1601.9163302636496,0,44.0,360.0,Semiurban,1,0,1,0,1,0,0,1,0,1,0,0,1
2137,8980.0,0,137.0,360.0,Semiurban,1,0,1,0,1,0,1,0,0,1,0,0,1
2957,1601.9163302636496,2,81.0,360.0,Semiurban,1,0,0,1,0,1,0,1,0,1,0,0,1
4300,2014.0,0,194.0,360.0,Rural,0,1,0,1,0,1,0,1,0,1,0,0,1
3692,1601.9163302636496,0,93.0,360.0,Rural,1,0,1,0,1,0,0,0,1,1,0,0,1
23803,1601.9163302636496,3+,370.0,360.0,Rural,1,0,0,1,0,1,0,1,0,1,0,0,1
3865,1640.0,0,142.51153039832286,360.0,Rural,1,0,0,1,1,0,0,1,0,1,0,0,1
10513,3850.0,1,160.0,180.0,Urban,1,0,0,1,0,1,1,0,0,0,1,1,0
6080,2569.0,0,182.0,360.0,Rural,1,0,0,1,0,1,0,0,1,1,0,1,0
20166,1601.9163302636496,0,650.0,480.0,Urban,1,0,0,1,1,0,0,0,1,0,1,0,1
2014,1929.0,0,74.0,360.0,Urban,1,0,0,1,1,0,0,1,0,1,0,0,1
2718,1601.9163302636496,0,70.0,360.0,Semiurban,1,0,0,1,1,0,0,1,0,1,0,0,1
3459,1601.9163302636496,0,25.0,120.0,Semiurban,1,0,0,1,0,1,0,1,0,0,1,0,1
4895,1601.9163302636496,0,102.0,360.0,Semiurban,1,0,0,1,1,0,0,1,0,1,0,0,1
4000,7750.0,3+,290.0,360.0,Semiurban,1,0,0,1,0,1,0,1,0,1,0,1,0
4583,1601.9163302636496,0,84.0,360.0,Rural,1,0,1,0,0,1,0,1,0,1,0,1,0
3316,3500.0,2,88.0,360.0,Urban,1,0,0,1,0,1,0,1,0,0,1,0,1
14999,1601.9163302636496,0,242.0,360.0,Semiurban,1,0,0,1,1,0,1,0,0,1,0,1,0
4200,1430.0,2,129.0,360.0,Rural,0,1,0,1,0,1,0,1,0,1,0,1,0
5042,2083.0,2,185.0,360.0,Rural,1,0,0,1,0,1,0,1,0,1,0,1,0
5417,1601.9163302636496,0,168.0,360.0,Urban,1,0,0,1,1,0,0,1,0,1,0,0,1
6950,1601.9163302636496,0,175.0,180.0,Semiurban,1,0,0,1,1,0,0,1,0,0,1,0,1
2698,2034.0,0,122.0,360.0,Semiurban,1,0,0,1,0,1,0,1,0,1,0,0,1
11757,1601.9163302636496,2,187.0,180.0,Urban,1,0,0,1,0,1,0,1,0,1,0,0,1
2330,4486.0,0,100.0,360.0,Semiurban,1,0,1,0,0,1,0,1,0,1,0,0,1
14866,1601.9163302636496,2,70.0,360.0,Urban,1,0,1,0,0,1,0,1,0,1,0,0,1
1538,1425.0,1,30.0,360.0,Urban,1,0,0,1,0,1,0,1,0,1,0,0,1
10000,1666.0,0,225.0,360.0,Rural,1,0,1,0,1,0,0,1,0,1,0,1,0
4860,830.0,0,125.0,360.0,Semiurban,1,0,0,1,0,1,0,1,0,1,0,0,1
6277,1601.9163302636496,0,118.0,360.0,Rural,1,0,0,1,1,0,1,0,0,1,0,1,0
2577,3750.0,0,152.0,360.0,Rural,1,0,0,1,0,1,0,1,0,0,1,0,1
9166,1601.9163302636496,0,244.0,360.0,Urban,1,0,0,1,1,0,0,1,0,1,0,1,0
2281,1601.9163302636496,2,113.0,360.0,Rural,0,1,0,1,0,1,0,1,0,1,0,1,0
3254,1601.9163302636496,0,50.0,360.0,Urban,1,0,0,1,1,0,0,1,0,1,0,0,1
39999,1601.9163302636496,3+,600.0,180.0,Semiurban,1,0,0,1,0,1,1,0,0,1,0,0,1
6000,1601.9163302636496,1,160.0,360.0,Rural,1,0,0,1,0,1,0,0,1,1,0,0,1
9538,1601.9163302636496,1,187.0,360.0,Urban,1,0,0,1,0,1,0,1,0,1,0,0,1
2980,2083.0,0,120.0,360.0,Rural,1,0,0,1,1,0,0,1,0,1,0,0,1
4583,5625.0,0,255.0,360.0,Semiurban,1,0,0,1,0,1,0,1,0,1,0,0,1
1863,1041.0,0,98.0,360.0,Semiurban,0,1,0,1,0,1,0,1,0,1,0,0,1
7933,1601.9163302636496,0,275.0,360.0,Urban,1,0,0,1,0,1,0,1,0,1,0,1,0
3089,1280.0,1,121.0,360.0,Semiurban,1,0,0,1,0,1,1,0,0,1,0,1,0
4167,1447.0,2,158.0,360.0,Rural,1,0,0,1,0,1,0,1,0,1,0,0,1
9323,1601.9163302636496,0,75.0,180.0,Urban,1,0,0,1,0,1,0,1,0,1,0,0,1
3707,3166.0,0,182.0,360.0,Rural,1,0,0,1,0,1,0,1,0,1,0,0,1
4583,1601.9163302636496,0,112.0,360.0,Rural,1,0,1,0,0,1,0,1,0,1,0,1,0
2439,3333.0,0,129.0,360.0,Rural,1,0,0,1,0,1,0,1,0,1,0,0,1
2237,1601.9163302636496,0,63.0,480.0,Semiurban,1,0,0,1,1,0,1,0,0,1,0,1,0
8000,1601.9163302636496,2,200.0,360.0,Semiurban,1,0,0,1,0,1,0,1,0,1,0,0,1
1820,1769.0,0,95.0,360.0,Rural,0,1,0,1,0,1,0,1,0,1,0,0,1
51763,1601.9163302636496,3+,700.0,300.0,Urban,1,0,0,1,0,1,0,1,0,1,0,0,1
3522,1601.9163302636496,3+,81.0,180.0,Rural,0,1,0,1,0,1,0,1,0,1,0,1,0
5708,5625.0,0,187.0,360.0,Semiurban,1,0,0,1,0,1,0,1,0,1,0,0,1
4344,736.0,0,87.0,360.0,Semiurban,0,1,0,1,0,1,0,1,0,0,1,1,0
3497,1964.0,0,116.0,360.0,Rural,1,0,0,1,0,1,0,1,0,1,0,0,1
2045,1619.0,2,101.0,360.0,Rural,1,0,0,1,0,1,0,1,0,1,0,0,1
5516,11300.0,3+,495.0,360.0,Semiurban,1,0,0,1,0,1,1,0,0,1,0,1,0
3750,1601.9163302636496,1,116.0,360.0,Semiurban,1,0,0,1,0,1,0,1,0,1,0,0,1
2333,1451.0,0,102.0,480.0,Urban,0,1,0,1,1,0,1,0,0,1,0,1,0
6400,7250.0,1,180.0,360.0,Urban,1,0,0,1,0,1,1,0,0,1,0,1,0
1916,5063.0,0,67.0,360.0,Rural,1,0,0,1,1,0,0,0,1,1,0,1,0
4600,1601.9163302636496,0,73.0,180.0,Semiurban,1,0,0,1,0,1,0,1,0,1,0,0,1
33846,1601.9163302636496,1,260.0,360.0,Semiurban,1,0,0,1,0,1,0,1,0,1,0,1,0
3625,1601.9163302636496,0,108.0,360.0,Semiurban,1,0,1,0,0,1,0,1,0,1,0,0,1
39147,4750.0,0,120.0,360.0,Semiurban,1,0,0,1,0,1,0,1,0,0,1,0,1
2178,1601.9163302636496,1,66.0,300.0,Rural,1,0,0,1,0,1,1,0,0,0,1,1,0
2383,2138.0,0,58.0,360.0,Rural,1,0,0,1,0,1,0,0,1,1,0,0,1
674,5296.0,0,168.0,360.0,Rural,1,0,0,1,0,1,0,1,0,0,1,0,1
9328,1601.9163302636496,0,188.0,180.0,Rural,1,0,0,1,0,1,0,1,0,1,0,0,1
4885,1601.9163302636496,0,48.0,360.0,Rural,0,1,0,1,1,0,0,1,0,1,0,0,1
12000,1601.9163302636496,0,164.0,360.0,Semiurban,1,0,0,1,1,0,0,1,0,1,0,1,0
6033,1601.9163302636496,0,160.0,360.0,Urban,0,1,0,1,0,1,0,1,0,1,0,1,0
3858,1601.9163302636496,0,76.0,360.0,Semiurban,1,0,0,1,1,0,0,1,0,1,0,0,1
4191,1601.9163302636496,0,120.0,360.0,Rural,1,0,0,1,1,0,0,1,0,1,0,0,1
3125,2583.0,1,170.0,360.0,Semiurban,1,0,0,1,0,1,0,1,0,1,0,1,0
8333,3750.0,0,187.0,360.0,Rural,1,0,0,1,1,0,0,1,0,1,0,0,1
1907,2365.0,0,120.0,360.0,Urban,0,1,1,0,1,0,0,1,0,1,0,0,1
3416,2816.0,0,113.0,360.0,Semiurban,1,0,1,0,0,1,0,0,1,1,0,0,1
11000,1601.9163302636496,0,83.0,360.0,Urban,1,0,0,1,1,0,0,1,0,0,1,1,0
2600,2500.0,1,90.0,360.0,Semiurban,0,1,0,1,0,1,0,1,0,1,0,0,1
4923,1601.9163302636496,2,166.0,360.0,Semiurban,1,0,0,1,1,0,1,0,0,1,0,0,1
3992,1601.9163302636496,3+,142.51153039832286,180.0,Urban,0,1,0,1,0,1,0,1,0,1,0,1,0
3500,1083.0,1,135.0,360.0,Urban,0,1,0,1,0,1,0,1,0,1,0,0,1
3917,1601.9163302636496,2,124.0,360.0,Semiurban,0,1,0,1,0,1,0,1,0,1,0,0,1
4408,1601.9163302636496,0,120.0,360.0,Semiurban,0,1,1,0,1,0,0,1,0,1,0,0,1
3244,1601.9163302636496,0,80.0,360.0,Urban,1,0,1,0,1,0,0,1,0,1,0,0,1
3975,2531.0,0,55.0,360.0,Rural,0,1,0,1,1,0,0,1,0,1,0,0,1
2479,1601.9163302636496,0,59.0,360.0,Urban,1,0,0,1,1,0,0,1,0,1,0,0,1
3418,1601.9163302636496,0,127.0,360.0,Semiurban,1,0,0,1,1,0,0,1,0,1,0,1,0
10000,1601.9163302636496,0,214.0,360.0,Semiurban,1,0,1,0,1,0,0,1,0,1,0,1,0
3430,1250.0,3+,128.0,360.0,Semiurban,1,0,0,1,0,1,1,0,0,1,0,1,0
7787,1601.9163302636496,1,240.0,360.0,Urban,1,0,0,1,0,1,0,1,0,0,1,0,1
5703,1601.9163302636496,3+,130.0,360.0,Rural,0,1,0,1,0,1,0,1,0,0,1,0,1
3173,3021.0,0,137.0,360.0,Urban,1,0,0,1,0,1,0,1,0,1,0,0,1
3850,983.0,3+,100.0,360.0,Semiurban,0,1,0,1,0,1,0,1,0,1,0,0,1
150,1800.0,0,135.0,360.0,Rural,1,0,0,1,0,1,0,1,0,1,0,1,0
3727,1775.0,0,131.0,360.0,Semiurban,1,0,0,1,0,1,0,1,0,1,0,0,1
5000,1601.9163302636496,2,72.0,360.0,Semiurban,1,0,0,1,0,1,1,0,0,1,0,1,0
4283,2383.0,2,127.0,360.0,Semiurban,1,0,1,0,0,1,0,0,1,1,0,0,1
2221,1601.9163302636496,0,60.0,360.0,Urban,1,0,0,1,0,1,1,0,0,1,0,1,0
4009,1717.0,2,116.0,360.0,Semiurban,1,0,0,1,0,1,0,1,0,1,0,0,1
2971,2791.0,0,144.0,360.0,Semiurban,1,0,0,1,1,0,0,1,0,1,0,0,1
7578,1010.0,0,175.0,360.0,Semiurban,1,0,0,1,0,1,0,1,0,1,0,0,1
6250,1601.9163302636496,0,128.0,360.0,Semiurban,1,0,0,1,0,1,0,1,0,1,0,0,1
3250,1601.9163302636496,0,170.0,360.0,Rural,1,0,0,1,0,1,0,1,0,1,0,1,0
4735,1601.9163302636496,2,138.0,360.0,Urban,0,1,0,1,0,1,0,1,0,0,1,1,0
6250,1695.0,2,210.0,360.0,Semiurban,1,0,0,1,0,1,0,1,0,1,0,0,1
4758,1601.9163302636496,2,158.0,480.0,Semiurban,1,0,0,1,0,1,0,1,0,1,0,0,1
6400,1601.9163302636496,0,200.0,360.0,Rural,1,0,0,1,1,0,0,1,0,0,1,0,1
2491,2054.0,1,104.0,360.0,Semiurban,1,0,0,1,0,1,0,1,0,1,0,0,1
3716,1601.9163302636496,0,42.0,180.0,Rural,1,0,0,1,0,1,0,1,0,1,0,0,1
3189,2598.0,0,120.0,360.0,Rural,0,1,0,1,1,0,0,1,0,1,0,0,1
8333,1601.9163302636496,0,280.0,360.0,Semiurban,1,0,1,0,1,0,0,1,0,1,0,0,1
3155,1779.0,1,140.0,360.0,Semiurban,1,0,0,1,0,1,0,1,0,1,0,0,1
5500,1260.0,1,170.0,360.0,Rural,1,0,0,1,0,1,0,1,0,1,0,0,1
5746,1601.9163302636496,0,255.0,360.0,Urban,1,0,0,1,0,1,0,0,1,1,0,1,0
3463,1601.9163302636496,0,122.0,360.0,Urban,1,0,1,0,1,0,0,0,1,0,1,0,1
3812,1601.9163302636496,1,112.0,360.0,Rural,1,0,1,0,1,0,0,1,0,1,0,0,1
3315,1601.9163302636496,1,96.0,360.0,Semiurban,1,0,0,1,0,1,0,1,0,1,0,0,1
5819,5000.0,2,120.0,360.0,Rural,1,0,0,1,0,1,0,1,0,1,0,0,1
2510,1983.0,1,140.0,180.0,Urban,0,1,0,1,0,1,0,1,0,1,0,1,0
2965,5701.0,0,155.0,60.0,Urban,1,0,0,1,1,0,0,1,0,1,0,0,1
6250,1300.0,2,108.0,360.0,Rural,1,0,0,1,0,1,0,1,0,0,1,0,1
3406,4417.0,0,123.0,360.0,Semiurban,0,1,0,1,0,1,0,1,0,1,0,0,1
6050,4333.0,0,120.0,180.0,Urban,1,0,0,1,1,0,0,1,0,0,1,1,0
9703,1601.9163302636496,2,112.0,360.0,Urban,1,0,0,1,0,1,0,1,0,1,0,0,1
6608,1601.9163302636496,1,137.0,180.0,Urban,0,1,0,1,0,1,0,1,0,1,0,0,1
2882,1843.0,1,123.0,480.0,Semiurban,1,0,0,1,0,1,0,1,0,1,0,0,1
1809,1868.0,0,90.0,360.0,Urban,1,0,0,1,0,1,0,1,0,1,0,0,1
1668,3890.0,0,201.0,360.0,Semiurban,0,1,0,1,0,1,1,0,0,1,0,1,0
3427,1601.9163302636496,2,138.0,360.0,Urban,1,0,1,0,1,0,0,1,0,1,0,1,0
2583,2167.0,0,104.0,360.0,Rural,0,1,0,1,1,0,0,1,0,0,1,0,1
2661,7101.0,1,279.0,180.0,Semiurban,0,1,0,1,0,1,0,1,0,1,0,0,1
16250,1601.9163302636496,0,192.0,360.0,Urban,1,0,0,1,1,0,1,0,0,0,1,1,0
3083,1601.9163302636496,3+,255.0,360.0,Rural,1,0,1,0,1,0,0,1,0,1,0,0,1
6045,1601.9163302636496,0,115.0,360.0,Rural,0,1,0,1,1,0,1,0,0,1,0,1,0
5250,1601.9163302636496,3+,94.0,360.0,Urban,1,0,0,1,0,1,0,1,0,1,0,1,0
14683,2100.0,0,304.0,360.0,Rural,1,0,0,1,0,1,0,1,0,1,0,1,0
4931,1601.9163302636496,3+,128.0,360.0,Semiurban,0,1,0,1,0,1,0,0,1,1,0,1,0
6083,4250.0,1,330.0,360.0,Urban,1,0,0,1,0,1,0,0,1,1,0,0,1
2060,2209.0,0,134.0,360.0,Semiurban,1,0,0,1,1,0,0,1,0,1,0,0,1
3481,1601.9163302636496,1,155.0,36.0,Semiurban,1,0,1,0,1,0,0,1,0,1,0,1,0
7200,1601.9163302636496,0,120.0,360.0,Rural,1,0,1,0,1,0,0,1,0,1,0,0,1
5166,1601.9163302636496,0,128.0,360.0,Semiurban,1,0,0,1,1,0,0,1,0,0,1,0,1
4095,3447.0,0,151.0,360.0,Rural,1,0,0,1,1,0,0,1,0,1,0,0,1
4708,1387.0,2,150.0,360.0,Semiurban,1,0,0,1,0,1,0,1,0,1,0,0,1
4333,1811.0,3+,160.0,360.0,Urban,1,0,0,1,0,1,1,0,0,1,0,0,1
3418,1601.9163302636496,0,135.0,360.0,Rural,1,0,1,0,1,0,0,1,0,1,0,1,0
2876,1560.0,1,90.0,360.0,Urban,1,0,1,0,1,0,0,1,0,1,0,0,1
3237,1601.9163302636496,0,30.0,360.0,Urban,1,0,1,0,1,0,0,1,0,1,0,0,1
11146,1601.9163302636496,0,136.0,360.0,Urban,1,0,0,1,0,1,0,1,0,1,0,0,1
2833,1857.0,0,126.0,360.0,Rural,1,0,0,1,1,0,0,1,0,1,0,0,1
2620,2223.0,0,150.0,360.0,Semiurban,1,0,0,1,0,1,0,1,0,1,0,0,1
3900,1601.9163302636496,2,90.0,360.0,Semiurban,1,0,0,1,0,1,0,1,0,1,0,0,1
2750,1842.0,1,115.0,360.0,Semiurban,1,0,0,1,0,1,0,1,0,1,0,0,1
3993,3274.0,0,207.0,360.0,Semiurban,1,0,0,1,0,1,0,1,0,1,0,0,1
3103,1300.0,0,80.0,360.0,Urban,1,0,0,1,0,1,0,1,0,1,0,0,1
14583,1601.9163302636496,0,436.0,360.0,Semiurban,1,0,0,1,0,1,0,1,0,1,0,0,1
4100,1601.9163302636496,0,124.0,360.0,Rural,0,1,1,0,0,1,0,0,1,1,0,0,1
4053,2426.0,1,158.0,360.0,Urban,0,1,0,1,1,0,1,0,0,0,1,1,0
3927,800.0,0,112.0,360.0,Semiurban,1,0,0,1,0,1,0,1,0,1,0,0,1
2301,985.7999877999998,2,78.0,180.0,Urban,1,0,0,1,0,1,0,1,0,1,0,0,1
1811,1666.0,0,54.0,360.0,Urban,1,0,1,0,1,0,0,1,0,1,0,0,1
20667,1601.9163302636496,0,142.51153039832286,360.0,Rural,1,0,0,1,0,1,0,1,0,1,0,1,0
3158,3053.0,0,89.0,360.0,Rural,1,0,0,1,1,0,0,1,0,1,0,0,1
2600,1717.0,0,99.0,300.0,Semiurban,1,0,1,0,1,0,0,1,0,0,1,1,0
3704,2000.0,0,120.0,360.0,Rural,1,0,0,1,0,1,0,1,0,1,0,0,1
4124,1601.9163302636496,0,115.0,360.0,Semiurban,1,0,1,0,1,0,0,1,0,1,0,0,1
9508,1601.9163302636496,0,187.0,360.0,Rural,1,0,0,1,1,0,0,1,0,1,0,0,1
3075,2416.0,0,139.0,360.0,Rural,1,0,0,1,0,1,0,1,0,1,0,0,1
4400,1601.9163302636496,2,127.0,360.0,Semiurban,1,0,0,1,0,1,1,0,0,1,0,1,0
3153,1560.0,2,134.0,360.0,Urban,1,0,0,1,0,1,0,1,0,1,0,0,1
5417,1601.9163302636496,2,143.0,480.0,Urban,1,0,1,0,1,0,1,0,0,1,0,1,0
2383,3334.0,0,172.0,360.0,Semiurban,1,0,0,1,0,1,0,1,0,1,0,0,1
4416,1250.0,3+,110.0,360.0,Urban,1,0,0,1,0,1,0,1,0,1,0,0,1
6875,1601.9163302636496,1,200.0,360.0,Semiurban,1,0,0,1,0,1,0,1,0,1,0,0,1
4666,1601.9163302636496,1,135.0,360.0,Urban,1,0,1,0,0,1,0,1,0,1,0,0,1
5000,2541.0,0,151.0,480.0,Rural,1,0,1,0,1,0,0,1,0,1,0,1,0
2014,2925.0,1,113.0,360.0,Urban,1,0,0,1,0,1,0,1,0,1,0,1,0
1800,2934.0,0,93.0,360.0,Urban,0,1,0,1,0,1,1,0,0,1,0,1,0
2875,1750.0,2,105.0,360.0,Semiurban,0,1,0,1,0,1,0,1,0,1,0,0,1
5000,1601.9163302636496,0,132.0,360.0,Rural,1,0,1,0,1,0,0,1,0,1,0,0,1
1625,1803.0,1,96.0,360.0,Urban,1,0,0,1,0,1,0,1,0,1,0,0,1
4000,2500.0,0,140.0,360.0,Rural,1,0,0,1,1,0,0,1,0,1,0,0,1
2000,1601.9163302636496,0,142.51153039832286,360.0,Urban,0,1,0,1,1,0,0,1,0,1,0,1,0
3762,1666.0,0,135.0,360.0,Rural,1,0,1,0,1,0,0,1,0,1,0,0,1
2400,1863.0,0,104.0,360.0,Urban,1,0,1,0,1,0,1,0,0,1,0,1,0
20233,1601.9163302636496,0,480.0,360.0,Rural,1,0,0,1,1,0,0,1,0,1,0,1,0
7667,1601.9163302636496,2,185.0,360.0,Rural,0,1,0,1,0,1,0,0,1,1,0,0,1
2917,1601.9163302636496,0,84.0,360.0,Semiurban,1,0,1,0,1,0,0,1,0,1,0,0,1
2927,2405.0,0,111.0,360.0,Semiurban,0,1,0,1,1,0,0,1,0,1,0,0,1
2507,1601.9163302636496,0,56.0,360.0,Rural,1,0,1,0,1,0,0,1,0,1,0,0,1
5746,1601.9163302636496,2,144.0,84.0,Rural,1,0,0,1,0,1,0,0,1,0,1,0,1
2473,1843.0,0,159.0,360.0,Rural,1,0,0,1,0,1,0,1,0,1,0,1,0
3399,1640.0,1,111.0,180.0,Urban,0,1,0,1,0,1,0,1,0,1,0,0,1
3717,1601.9163302636496,2,120.0,360.0,Semiurban,1,0,0,1,0,1,0,1,0,1,0,0,1
2058,2134.0,0,88.0,360.0,Urban,1,0,0,1,0,1,0,0,1,1,0,0,1
3541,1601.9163302636496,1,112.0,360.0,Semiurban,1,0,1,0,1,0,0,0,1,1,0,0,1
10000,1601.9163302636496,1,155.0,360.0,Rural,1,0,0,1,0,1,0,1,0,0,1,1,0
2400,2167.0,0,115.0,360.0,Semiurban,1,0,0,1,0,1,0,1,0,1,0,0,1
4342,189.0,3+,124.0,360.0,Semiurban,1,0,0,1,0,1,0,1,0,1,0,0,1
3601,1590.0,2,142.51153039832286,360.0,Rural,0,1,0,1,0,1,0,1,0,1,0,0,1
3166,2985.0,0,132.0,360.0,Rural,1,0,1,0,1,0,0,0,1,1,0,0,1
15000,1601.9163302636496,3+,300.0,360.0,Rural,1,0,0,1,0,1,0,1,0,1,0,0,1
8666,4983.0,1,376.0,360.0,Rural,1,0,0,1,0,1,1,0,0,0,1,1,0
4917,1601.9163302636496,0,130.0,360.0,Rural,1,0,0,1,1,0,1,0,0,1,0,0,1
5818,2160.0,0,184.0,360.0,Semiurban,1,0,0,1,0,1,0,1,0,0,1,0,1
4333,2451.0,0,110.0,360.0,Urban,1,0,1,0,0,1,0,1,0,1,0,1,0
2500,1601.9163302636496,0,67.0,360.0,Urban,1,0,1,0,1,0,0,1,0,1,0,0,1
4384,1793.0,1,117.0,360.0,Urban,1,0,0,1,1,0,0,1,0,1,0,0,1
2935,1601.9163302636496,0,98.0,360.0,Semiurban,1,0,0,1,1,0,0,1,0,1,0,0,1
2833,1601.9163302636496,2,71.0,360.0,Urban,1,0,0,1,1,0,0,1,0,1,0,0,1
63337,1601.9163302636496,0,490.0,180.0,Urban,1,0,0,1,0,1,0,1,0,1,0,0,1
9833,1833.0,1,182.0,180.0,Urban,1,0,0,1,0,1,0,1,0,0,1,0,1
5503,4490.0,2,70.0,360.0,Semiurban,1,0,0,1,0,1,0,1,0,0,1,0,1
5250,688.0,1,160.0,360.0,Rural,1,0,0,1,0,1,0,1,0,1,0,0,1
2500,4600.0,2,176.0,360.0,Rural,1,0,0,1,0,1,0,1,0,0,1,0,1
1830,1601.9163302636496,3+,142.51153039832286,360.0,Urban,0,1,1,0,1,0,1,0,0,1,0,1,0
4160,1601.9163302636496,0,71.0,360.0,Semiurban,1,0,1,0,1,0,0,1,0,1,0,0,1
2647,1587.0,3+,173.0,360.0,Rural,0,1,0,1,0,1,0,1,0,1,0,1,0
2378,1601.9163302636496,0,46.0,360.0,Rural,1,0,1,0,1,0,0,1,0,1,0,1,0
4554,1229.0,1,158.0,360.0,Urban,0,1,0,1,0,1,0,1,0,1,0,0,1
3173,1601.9163302636496,3+,74.0,360.0,Semiurban,0,1,0,1,0,1,0,1,0,1,0,0,1
2583,2330.0,2,125.0,360.0,Rural,1,0,0,1,0,1,0,1,0,1,0,0,1
2499,2458.0,0,160.0,360.0,Semiurban,1,0,0,1,0,1,0,1,0,1,0,0,1
3523,3230.0,2,152.0,360.0,Rural,0,1,0,1,0,1,1,0,0,1,0,1,0
3083,2168.0,2,126.0,360.0,Urban,0,1,0,1,0,1,0,1,0,1,0,0,1
6333,4583.0,0,259.0,360.0,Semiurban,1,0,0,1,0,1,0,0,1,1,0,0,1
2625,6250.0,0,187.0,360.0,Rural,1,0,0,1,0,1,0,1,0,1,0,0,1
9083,1601.9163302636496,0,228.0,360.0,Semiurban,1,0,0,1,0,1,0,1,0,1,0,0,1
8750,4167.0,0,308.0,360.0,Rural,1,0,0,1,1,0,0,1,0,1,0,1,0
2666,2083.0,3+,95.0,360.0,Rural,1,0,0,1,0,1,0,1,0,1,0,0,1
5500,1601.9163302636496,0,105.0,360.0,Rural,1,0,1,0,0,1,1,0,0,0,1,1,0
2423,505.0,0,130.0,360.0,Semiurban,1,0,1,0,0,1,0,1,0,1,0,0,1
3813,1601.9163302636496,2,116.0,180.0,Urban,1,0,1,0,1,0,0,1,0,1,0,0,1
8333,3167.0,2,165.0,360.0,Rural,1,0,0,1,0,1,0,1,0,1,0,0,1
3875,1601.9163302636496,1,67.0,360.0,Urban,1,0,0,1,0,1,0,1,0,1,0,1,0
3000,1666.0,0,100.0,480.0,Urban,0,1,0,1,0,1,1,0,0,1,0,1,0
5167,3167.0,3+,200.0,360.0,Semiurban,1,0,0,1,0,1,0,1,0,1,0,0,1
4723,1601.9163302636496,1,81.0,360.0,Semiurban,1,0,1,0,1,0,0,1,0,1,0,1,0
5000,3667.0,2,236.0,360.0,Semiurban,1,0,0,1,0,1,0,1,0,1,0,0,1
4750,2333.0,0,130.0,360.0,Urban,1,0,0,1,0,1,0,1,0,1,0,0,1
3013,3033.0,0,95.0,300.0,Urban,1,0,0,1,0,1,0,0,1,1,0,0,1
6822,1601.9163302636496,0,141.0,360.0,Rural,1,0,0,1,1,0,0,1,0,0,1,0,1
6216,1601.9163302636496,0,133.0,360.0,Rural,0,1,0,1,1,0,0,1,0,1,0,1,0
2500,1601.9163302636496,0,96.0,480.0,Semiurban,1,0,0,1,1,0,0,1,0,1,0,1,0
5124,1601.9163302636496,0,124.0,360.0,Rural,1,0,0,1,1,0,1,0,0,1,0,1,0
6325,1601.9163302636496,1,175.0,360.0,Semiurban,1,0,0,1,0,1,0,1,0,1,0,0,1
19730,5266.0,0,570.0,360.0,Rural,1,0,0,1,0,1,0,1,0,1,0,1,0
15759,1601.9163302636496,0,55.0,360.0,Semiurban,1,0,1,0,1,0,0,1,0,0,1,0,1
5185,1601.9163302636496,2,155.0,360.0,Semiurban,1,0,0,1,0,1,0,1,0,1,0,0,1
9323,7873.0,2,380.0,300.0,Rural,1,0,0,1,0,1,0,1,0,0,1,0,1
3062,1987.0,1,111.0,180.0,Urban,1,0,0,1,1,0,1,0,0,1,0,1,0
2764,1459.0,0,110.0,360.0,Urban,1,0,1,0,1,0,0,1,0,1,0,0,1
4817,923.0,0,120.0,180.0,Urban,1,0,0,1,0,1,0,1,0,1,0,0,1
8750,4996.0,3+,130.0,360.0,Rural,1,0,0,1,0,1,0,1,0,1,0,0,1
4310,1601.9163302636496,0,130.0,360.0,Semiurban,1,0,0,1,0,1,0,0,1,1,0,0,1
3069,1601.9163302636496,0,71.0,480.0,Urban,1,0,0,1,1,0,0,1,0,1,0,1,0
5391,1601.9163302636496,2,130.0,360.0,Urban,1,0,0,1,0,1,0,1,0,1,0,0,1
3333,2500.0,0,128.0,360.0,Semiurban,1,0,0,1,0,1,0,1,0,1,0,0,1
5941,4232.0,0,296.0,360.0,Semiurban,1,0,0,1,1,0,0,1,0,1,0,0,1
6000,1601.9163302636496,0,156.0,360.0,Urban,1,0,1,0,1,0,0,1,0,1,0,0,1
7167,1601.9163302636496,0,128.0,360.0,Urban,1,0,0,1,1,0,0,1,0,0,1,0,1
4566,1601.9163302636496,2,100.0,360.0,Urban,1,0,0,1,0,1,0,1,0,1,0,1,0
3667,1601.9163302636496,1,113.0,180.0,Urban,1,0,0,1,1,0,0,1,0,1,0,0,1
2346,1600.0,0,132.0,360.0,Semiurban,0,1,0,1,1,0,0,1,0,1,0,0,1
3010,3136.0,0,142.51153039832286,360.0,Urban,0,1,0,1,0,1,1,0,0,1,0,1,0
2333,2417.0,0,136.0,360.0,Urban,1,0,0,1,0,1,0,1,0,1,0,0,1
5488,1601.9163302636496,0,125.0,360.0,Rural,1,0,0,1,0,1,0,1,0,1,0,0,1
9167,1601.9163302636496,3+,185.0,360.0,Rural,1,0,0,1,1,0,0,1,0,1,0,0,1
9504,1601.9163302636496,3+,275.0,360.0,Rural,1,0,0,1,0,1,0,1,0,1,0,0,1
2583,2115.0,0,120.0,360.0,Urban,1,0,0,1,0,1,0,0,1,1,0,0,1
1993,1625.0,2,113.0,180.0,Semiurban,0,1,0,1,0,1,0,1,0,1,0,0,1
3100,1400.0,2,113.0,360.0,Urban,1,0,0,1,0,1,0,1,0,1,0,0,1
3276,484.0,2,135.0,360.0,Semiurban,1,0,0,1,0,1,0,0,1,1,0,0,1
3180,1601.9163302636496,0,71.0,360.0,Urban,1,0,1,0,1,0,1,0,0,1,0,1,0
3033,1459.0,0,95.0,360.0,Urban,1,0,0,1,0,1,0,1,0,1,0,0,1
3902,1666.0,0,109.0,360.0,Rural,0,1,0,1,1,0,0,1,0,1,0,0,1
1500,1800.0,0,103.0,360.0,Semiurban,1,0,1,0,1,0,1,0,0,1,0,1,0
2889,1601.9163302636496,2,45.0,180.0,Urban,0,1,0,1,0,1,1,0,0,1,0,1,0
2755,1601.9163302636496,0,65.0,300.0,Rural,0,1,0,1,1,0,0,1,0,1,0,1,0
2500,20000.0,0,103.0,360.0,Semiurban,1,0,0,1,1,0,0,1,0,1,0,0,1
1963,1601.9163302636496,0,53.0,360.0,Semiurban,0,1,1,0,1,0,0,1,0,1,0,0,1
7441,1601.9163302636496,0,194.0,360.0,Rural,1,0,1,0,1,0,0,1,0,0,1,1,0
4547,1601.9163302636496,0,115.0,360.0,Semiurban,1,0,1,0,1,0,0,1,0,1,0,0,1
2167,2400.0,0,115.0,360.0,Urban,0,1,0,1,0,1,0,1,0,1,0,0,1
2213,1601.9163302636496,0,66.0,360.0,Rural,0,1,1,0,1,0,0,1,0,1,0,0,1
8300,1601.9163302636496,1,152.0,300.0,Semiurban,1,0,0,1,0,1,1,0,0,1,0,1,0
81000,1601.9163302636496,3+,360.0,360.0,Rural,1,0,0,1,0,1,1,0,0,1,0,1,0
3867,1601.9163302636496,1,62.0,360.0,Semiurban,0,1,1,0,1,0,0,1,0,0,1,1,0
6256,1601.9163302636496,0,160.0,360.0,Urban,1,0,0,1,0,1,0,0,1,1,0,0,1
6096,1601.9163302636496,0,218.0,360.0,Rural,0,1,0,1,0,1,1,0,0,1,0,1,0
2253,2033.0,0,110.0,360.0,Rural,0,1,0,1,0,1,0,1,0,1,0,0,1
2149,3237.0,0,178.0,360.0,Semiurban,0,1,1,0,0,1,1,0,0,1,0,1,0
2995,1601.9163302636496,0,60.0,360.0,Urban,1,0,1,0,1,0,0,1,0,1,0,0,1
2600,1601.9163302636496,1,160.0,360.0,Urban,1,0,1,0,1,0,0,1,0,1,0,1,0
1600,20000.0,2,239.0,360.0,Urban,1,0,0,1,0,1,0,1,0,0,1,1,0
1025,2773.0,0,112.0,360.0,Rural,1,0,0,1,0,1,0,1,0,1,0,0,1
3246,1417.0,0,138.0,360.0,Semiurban,1,0,0,1,0,1,0,1,0,1,0,0,1
5829,1601.9163302636496,0,138.0,360.0,Rural,1,0,0,1,0,1,0,1,0,1,0,0,1
2720,1601.9163302636496,0,80.0,360.0,Urban,0,1,1,0,1,0,1,0,0,1,0,1,0
1820,1719.0,0,100.0,360.0,Urban,1,0,0,1,0,1,0,1,0,1,0,0,1
7250,1667.0,1,110.0,360.0,Urban,1,0,0,1,0,1,1,0,0,1,0,1,0
14880,1601.9163302636496,0,96.0,360.0,Semiurban,1,0,0,1,0,1,0,1,0,1,0,0,1
2666,4300.0,0,121.0,360.0,Rural,1,0,0,1,0,1,0,1,0,1,0,0,1
4606,1601.9163302636496,1,81.0,360.0,Rural,0,1,1,0,1,0,0,1,0,1,0,1,0
5935,1601.9163302636496,2,133.0,360.0,Semiurban,1,0,0,1,0,1,0,1,0,1,0,0,1
2920,16.12000084,0,87.0,360.0,Rural,1,0,0,1,0,1,0,1,0,1,0,0,1
2717,1601.9163302636496,0,60.0,180.0,Urban,0,1,0,1,1,0,0,1,0,1,0,0,1
8624,1601.9163302636496,1,150.0,360.0,Semiurban,1,0,1,0,1,0,0,1,0,0,1,0,1
6500,1601.9163302636496,0,105.0,360.0,Rural,1,0,0,1,1,0,1,0,0,1,0,1,0
12876,1601.9163302636496,0,405.0,360.0,Semiurban,1,0,0,1,1,0,0,1,0,1,0,0,1
2425,2340.0,0,143.0,360.0,Semiurban,1,0,0,1,0,1,0,1,0,1,0,0,1
3750,1601.9163302636496,0,100.0,360.0,Urban,1,0,0,1,1,0,0,1,0,1,0,0,1
10047,1601.9163302636496,2,142.51153039832286,240.0,Semiurban,1,0,1,0,0,1,0,1,0,1,0,0,1
1926,1851.0,0,50.0,360.0,Semiurban,1,0,0,1,1,0,0,1,0,1,0,0,1
2213,1125.0,0,142.51153039832286,360.0,Urban,1,0,0,1,0,1,0,1,0,1,0,0,1
10416,1601.9163302636496,0,187.0,360.0,Urban,1,0,0,1,1,0,1,0,0,0,1,1,0
7142,1601.9163302636496,0,138.0,360.0,Rural,0,1,1,0,0,1,0,1,0,0,1,0,1
3660,5064.0,0,187.0,360.0,Semiurban,1,0,0,1,1,0,0,1,0,1,0,0,1
7901,1833.0,0,180.0,360.0,Rural,1,0,0,1,0,1,0,1,0,1,0,0,1
4707,1993.0,3+,148.0,360.0,Semiurban,0,1,0,1,1,0,0,1,0,1,0,0,1
37719,1601.9163302636496,1,152.0,360.0,Semiurban,1,0,0,1,1,0,0,1,0,1,0,0,1
7333,8333.0,0,175.0,300.0,Rural,1,0,0,1,0,1,0,0,1,1,0,0,1
3466,1210.0,1,130.0,360.0,Rural,1,0,0,1,0,1,0,1,0,0,1,0,1
4652,1601.9163302636496,2,110.0,360.0,Rural,0,1,0,1,0,1,0,1,0,1,0,0,1
3539,1376.0,0,55.0,360.0,Rural,1,0,0,1,0,1,0,1,0,1,0,1,0
3340,1710.0,2,150.0,360.0,Rural,1,0,0,1,0,1,1,0,0,1,0,1,0
2769,1542.0,1,190.0,360.0,Semiurban,0,1,0,1,1,0,0,0,1,0,1,1,0
2309,1255.0,2,125.0,360.0,Rural,0,1,0,1,0,1,1,0,0,1,0,1,0
1958,1456.0,2,60.0,300.0,Urban,0,1,0,1,0,1,0,0,1,1,0,0,1
3948,1733.0,0,149.0,360.0,Rural,1,0,0,1,0,1,1,0,0,1,0,1,0
2483,2466.0,0,90.0,180.0,Rural,1,0,0,1,0,1,1,0,0,1,0,0,1
7085,1601.9163302636496,0,84.0,360.0,Semiurban,1,0,0,1,1,0,0,1,0,0,1,0,1
3859,1601.9163302636496,2,96.0,360.0,Semiurban,1,0,0,1,0,1,0,1,0,1,0,0,1
4301,1601.9163302636496,0,118.0,360.0,Urban,1,0,0,1,0,1,0,1,0,1,0,0,1
3708,2569.0,0,173.0,360.0,Urban,1,0,0,1,0,1,0,1,0,1,0,1,0
4354,1601.9163302636496,2,136.0,360.0,Rural,1,0,0,1,1,0,0,1,0,1,0,0,1
8334,1601.9163302636496,0,160.0,360.0,Semiurban,1,0,0,1,0,1,0,1,0,1,0,1,0
2083,4083.0,0,160.0,360.0,Semiurban,1,0,0,1,0,1,0,0,1,0,1,0,1
7740,1601.9163302636496,3+,128.0,180.0,Urban,1,0,0,1,0,1,0,1,0,1,0,0,1
3015,2188.0,0,153.0,360.0,Rural,1,0,0,1,0,1,0,1,0,1,0,0,1
5191,1601.9163302636496,1,132.0,360.0,Semiurban,0,1,1,0,1,0,0,1,0,1,0,0,1
4166,1601.9163302636496,0,98.0,360.0,Semiurban,1,0,0,1,1,0,1,0,0,1,0,1,0
6000,1601.9163302636496,0,140.0,360.0,Rural,1,0,0,1,1,0,0,1,0,1,0,0,1
2947,1664.0,3+,70.0,180.0,Urban,0,1,0,1,0,1,1,0,0,1,0,1,0
16692,1601.9163302636496,0,110.0,360.0,Semiurban,1,0,0,1,0,1,0,1,0,1,0,0,1
210,2917.0,2,98.0,360.0,Semiurban,0,1,1,0,0,1,0,1,0,1,0,0,1
4333,2451.0,0,110.0,360.0,Urban,1,0,0,1,0,1,0,1,0,1,0,1,0
3450,2079.0,1,162.0,360.0,Semiurban,1,0,0,1,0,1,0,1,0,0,1,0,1
2653,1500.0,1,113.0,180.0,Rural,0,1,0,1,0,1,1,0,0,1,0,1,0
4691,1601.9163302636496,3+,100.0,360.0,Semiurban,1,0,0,1,0,1,0,1,0,1,0,0,1
2500,1601.9163302636496,0,93.0,360.0,Urban,1,0,1,0,1,0,0,0,1,0,1,0,1
5532,4648.0,2,162.0,360.0,Rural,1,0,0,1,1,0,0,1,0,1,0,0,1
16525,1014.0,2,150.0,360.0,Rural,1,0,0,1,0,1,0,1,0,0,1,0,1
6700,1750.0,2,230.0,300.0,Semiurban,1,0,0,1,0,1,0,1,0,1,0,0,1
2873,1872.0,2,132.0,360.0,Semiurban,1,0,0,1,0,1,1,0,0,1,0,1,0
16667,2250.0,1,86.0,360.0,Semiurban,1,0,0,1,0,1,0,1,0,0,1,0,1
2947,1603.0,2,142.51153039832286,360.0,Urban,1,0,0,1,0,1,0,1,0,1,0,1,0
4350,1601.9163302636496,0,154.0,360.0,Rural,0,1,1,0,1,0,0,1,0,1,0,0,1
3095,1601.9163302636496,3+,113.0,360.0,Rural,0,1,0,1,0,1,0,1,0,1,0,0,1
2083,3150.0,0,128.0,360.0,Semiurban,1,0,0,1,0,1,0,1,0,1,0,0,1
10833,1601.9163302636496,0,234.0,360.0,Semiurban,1,0,0,1,0,1,0,1,0,1,0,0,1
8333,1601.9163302636496,2,246.0,360.0,Semiurban,1,0,0,1,0,1,0,1,0,1,0,0,1
1958,2436.0,1,131.0,360.0,Rural,0,1,0,1,0,1,0,1,0,1,0,0,1
3547,1601.9163302636496,2,80.0,360.0,Rural,1,0,0,1,1,0,1,0,0,1,0,1,0
18333,1601.9163302636496,1,500.0,360.0,Urban,1,0,0,1,0,1,0,1,0,1,0,1,0
4583,2083.0,2,160.0,360.0,Semiurban,1,0,0,1,0,1,0,1,0,0,1,0,1
2435,1601.9163302636496,0,75.0,360.0,Urban,1,0,0,1,1,0,0,1,0,1,0,1,0
2699,2785.0,0,96.0,360.0,Semiurban,0,1,0,1,1,0,0,0,1,1,0,0,1
5333,1131.0,1,186.0,360.0,Urban,0,1,0,1,0,1,0,0,1,1,0,0,1
3691,1601.9163302636496,0,110.0,360.0,Rural,0,1,0,1,1,0,0,1,0,1,0,0,1
17263,1601.9163302636496,0,225.0,360.0,Semiurban,0,1,1,0,1,0,0,1,0,0,1,0,1
3597,2157.0,0,119.0,360.0,Rural,1,0,0,1,0,1,1,0,0,1,0,1,0
3326,913.0,1,105.0,84.0,Semiurban,1,0,1,0,0,1,0,1,0,1,0,0,1
2600,1700.0,0,107.0,360.0,Rural,0,1,0,1,0,1,0,1,0,1,0,0,1
4625,2857.0,0,111.0,12.0,Urban,1,0,0,1,0,1,0,0,1,1,0,0,1
2895,1601.9163302636496,1,95.0,360.0,Semiurban,1,0,0,1,0,1,0,1,0,0,1,0,1
6283,4416.0,0,209.0,360.0,Rural,1,0,0,1,1,0,1,0,0,1,0,1,0
645,3683.0,0,113.0,480.0,Rural,1,0,1,0,1,0,0,1,0,1,0,0,1
3159,1601.9163302636496,0,100.0,360.0,Semiurban,1,0,1,0,1,0,0,1,0,1,0,0,1
4865,5624.0,2,208.0,360.0,Semiurban,1,0,0,1,0,1,0,1,0,1,0,0,1
4050,5302.0,1,138.0,360.0,Rural,0,1,0,1,0,1,0,0,1,1,0,1,0
3814,1483.0,0,124.0,300.0,Semiurban,0,1,0,1,0,1,0,1,0,1,0,0,1
3510,4416.0,2,243.0,360.0,Rural,1,0,0,1,0,1,0,1,0,1,0,0,1
20833,6667.0,0,480.0,360.0,Urban,1,0,0,1,0,1,0,0,1,1,0,0,1
3583,1601.9163302636496,0,96.0,360.0,Urban,1,0,0,1,1,0,0,1,0,1,0,1,0
2479,3013.0,0,188.0,360.0,Urban,1,0,0,1,0,1,0,1,0,0,1,0,1
13262,1601.9163302636496,1,40.0,360.0,Urban,1,0,1,0,1,0,0,1,0,1,0,0,1
3598,1287.0,0,100.0,360.0,Rural,0,1,0,1,1,0,0,1,0,1,0,1,0
6065,2004.0,1,250.0,360.0,Semiurban,1,0,0,1,0,1,0,1,0,1,0,0,1
3283,2035.0,2,148.0,360.0,Urban,1,0,0,1,0,1,0,1,0,1,0,0,1
2130,6666.0,0,70.0,180.0,Semiurban,1,0,0,1,0,1,0,1,0,1,0,1,0
5815,3666.0,0,311.0,360.0,Rural,1,0,0,1,1,0,0,1,0,1,0,1,0
3466,3428.0,3+,150.0,360.0,Rural,1,0,0,1,0,1,0,1,0,1,0,0,1
2031,1632.0,2,113.0,480.0,Semiurban,1,0,1,0,0,1,0,1,0,1,0,0,1
3074,1800.0,2,123.0,360.0,Semiurban,0,1,0,1,0,1,1,0,0,1,0,1,0
4683,1915.0,0,185.0,360.0,Semiurban,1,0,0,1,1,0,0,1,0,1,0,1,0
3400,1601.9163302636496,0,95.0,360.0,Rural,0,1,1,0,1,0,0,1,0,1,0,1,0
2192,1742.0,2,45.0,360.0,Semiurban,0,1,0,1,0,1,0,1,0,1,0,0,1
2500,1601.9163302636496,0,55.0,360.0,Semiurban,1,0,0,1,1,0,0,1,0,1,0,0,1
5677,1424.0,3+,100.0,360.0,Rural,1,0,0,1,0,1,0,1,0,0,1,0,1
7948,7166.0,2,480.0,360.0,Rural,1,0,0,1,0,1,0,1,0,0,1,0,1
4680,2087.0,0,142.51153039832286,360.0,Semiurban,1,0,0,1,1,0,0,1,0,1,0,1,0
17500,1601.9163302636496,2,400.0,360.0,Rural,1,0,0,1,0,1,0,1,0,0,1,0,1
3775,1601.9163302636496,0,110.0,360.0,Semiurban,1,0,0,1,0,1,0,1,0,1,0,0,1
5285,1430.0,1,161.0,360.0,Semiurban,0,1,0,1,0,1,1,0,0,1,0,0,1
2679,1302.0,1,94.0,360.0,Semiurban,0,1,0,1,1,0,0,1,0,1,0,0,1
6783,1601.9163302636496,0,130.0,360.0,Semiurban,0,1,0,1,1,0,0,1,0,1,0,0,1
1025,5500.0,0,216.0,360.0,Rural,1,0,0,1,0,1,0,0,1,1,0,0,1
4281,1601.9163302636496,3+,100.0,360.0,Urban,1,0,0,1,0,1,0,1,0,1,0,0,1
3588,1601.9163302636496,2,110.0,360.0,Rural,1,0,0,1,1,0,1,0,0,1,0,1,0
11250,1601.9163302636496,1,196.0,360.0,Semiurban,1,0,0,1,1,0,0,0,1,1,0,1,0
18165,1601.9163302636496,0,125.0,360.0,Urban,0,1,1,0,1,0,0,1,0,0,1,0,1
2550,2042.0,0,126.0,360.0,Rural,0,1,0,1,1,0,0,1,0,1,0,0,1
6133,3906.0,0,324.0,360.0,Urban,1,0,0,1,0,1,0,1,0,1,0,0,1
3617,1601.9163302636496,2,107.0,360.0,Semiurban,1,0,0,1,1,0,0,1,0,1,0,0,1
2917,536.0,0,66.0,360.0,Rural,0,1,0,1,0,1,0,1,0,1,0,1,0
6417,1601.9163302636496,3+,157.0,180.0,Rural,1,0,0,1,0,1,0,1,0,1,0,0,1
4608,2845.0,1,140.0,180.0,Semiurban,1,0,1,0,0,1,0,1,0,1,0,0,1
2138,1601.9163302636496,0,99.0,360.0,Semiurban,1,0,1,0,1,0,1,0,0,1,0,1,0
3652,1601.9163302636496,1,95.0,360.0,Semiurban,1,0,1,0,1,0,0,1,0,1,0,0,1
2239,2524.0,1,128.0,360.0,Urban,0,1,0,1,0,1,0,1,0,1,0,0,1
3017,663.0,0,102.0,360.0,Semiurban,0,1,1,0,0,1,0,0,1,1,0,0,1
2768,1950.0,0,155.0,360.0,Rural,1,0,0,1,0,1,0,1,0,1,0,0,1
3358,1601.9163302636496,0,80.0,36.0,Semiurban,0,1,0,1,1,0,0,1,0,1,0,1,0
2526,1783.0,0,145.0,360.0,Rural,1,0,0,1,1,0,0,1,0,1,0,0,1
5000,1601.9163302636496,0,103.0,360.0,Semiurban,1,0,1,0,1,0,1,0,0,1,0,1,0
2785,2016.0,0,110.0,360.0,Rural,1,0,0,1,0,1,0,1,0,1,0,0,1
6633,1601.9163302636496,2,142.51153039832286,360.0,Rural,1,0,0,1,0,1,1,0,0,0,1,1,0
2492,2375.0,1,142.51153039832286,360.0,Rural,0,1,0,1,0,1,0,1,0,1,0,0,1
3333,3250.0,1,158.0,360.0,Urban,1,0,0,1,0,1,0,1,0,1,0,0,1
2454,2333.0,0,181.0,360.0,Urban,0,1,0,1,0,1,1,0,0,1,0,1,0
3593,4266.0,0,132.0,180.0,Rural,1,0,0,1,0,1,1,0,0,1,0,1,0
5468,1032.0,1,26.0,360.0,Semiurban,1,0,0,1,0,1,0,1,0,1,0,0,1
2667,1625.0,0,84.0,360.0,Urban,1,0,1,0,1,0,0,0,1,1,0,0,1
10139,1601.9163302636496,3+,260.0,360.0,Semiurban,1,0,0,1,0,1,0,1,0,0,1,0,1
3887,2669.0,0,162.0,360.0,Semiurban,1,0,0,1,0,1,0,1,0,1,0,0,1
4180,2306.0,0,182.0,360.0,Semiurban,1,0,1,0,0,1,0,1,0,1,0,0,1
3675,242.0,2,108.0,360.0,Semiurban,0,1,0,1,0,1,0,1,0,1,0,0,1
19484,1601.9163302636496,1,600.0,360.0,Semiurban,1,0,1,0,0,1,0,1,0,0,1,0,1
5923,2054.0,0,211.0,360.0,Rural,1,0,0,1,0,1,0,1,0,1,0,0,1
5800,1601.9163302636496,0,132.0,360.0,Semiurban,0,1,0,1,1,0,0,1,0,0,1,0,1
8799,1601.9163302636496,2,258.0,360.0,Urban,1,0,0,1,0,1,1,0,0,1,0,1,0
4467,1601.9163302636496,0,120.0,360.0,Rural,0,1,0,1,0,1,0,0,1,1,0,0,1
3333,1601.9163302636496,0,70.0,360.0,Urban,1,0,0,1,1,0,0,1,0,1,0,0,1
3400,2500.0,3+,123.0,360.0,Rural,1,0,0,1,0,1,1,0,0,1,0,1,0
2378,1601.9163302636496,0,9.0,360.0,Urban,1,0,1,0,1,0,0,1,0,1,0,1,0
3166,2064.0,0,104.0,360.0,Urban,1,0,0,1,0,1,1,0,0,1,0,1,0
3417,1750.0,1,186.0,360.0,Urban,1,0,0,1,0,1,0,1,0,1,0,0,1
5116,1451.0,2,165.0,360.0,Urban,1,0,0,1,0,1,1,0,0,1,0,1,0
16666,1601.9163302636496,2,275.0,360.0,Urban,1,0,0,1,0,1,0,1,0,1,0,0,1
6125,1625.0,2,187.0,480.0,Semiurban,0,1,0,1,0,1,0,1,0,1,0,1,0
6406,1601.9163302636496,3+,150.0,360.0,Semiurban,1,0,0,1,0,1,0,1,0,1,0,1,0
3159,461.0,2,108.0,84.0,Urban,1,0,0,1,0,1,0,1,0,1,0,0,1
3087,2210.0,0,136.0,360.0,Semiurban,1,0,0,1,0,1,1,0,0,1,0,1,0
3229,2739.0,0,110.0,360.0,Urban,1,0,0,1,1,0,0,1,0,1,0,0,1
1782,2232.0,1,107.0,360.0,Rural,1,0,0,1,0,1,0,1,0,1,0,0,1
3182,2917.0,0,161.0,360.0,Urban,1,0,0,1,1,0,0,1,0,1,0,0,1
6540,1601.9163302636496,2,205.0,360.0,Semiurban,1,0,0,1,0,1,0,1,0,1,0,0,1
1836,33837.0,0,90.0,360.0,Urban,1,0,0,1,1,0,0,1,0,1,0,1,0
3166,1601.9163302636496,0,36.0,360.0,Semiurban,1,0,1,0,0,1,0,1,0,1,0,0,1
1880,1601.9163302636496,1,61.0,360.0,Rural,1,0,0,1,0,1,0,0,1,1,0,1,0
2787,1917.0,1,146.0,360.0,Rural,1,0,0,1,0,1,1,0,0,1,0,1,0
4283,3000.0,1,172.0,84.0,Rural,1,0,0,1,0,1,0,1,0,1,0,1,0
2297,1522.0,0,104.0,360.0,Urban,1,0,0,1,0,1,0,1,0,1,0,0,1
2165,1601.9163302636496,0,70.0,360.0,Semiurban,0,1,1,0,1,0,0,1,0,1,0,0,1
4750,1601.9163302636496,0,94.0,360.0,Semiurban,1,0,0,1,1,0,0,1,0,1,0,0,1
2726,1601.9163302636496,2,106.0,360.0,Semiurban,1,0,0,1,0,1,1,0,0,0,1,1,0
3000,3416.0,0,56.0,180.0,Semiurban,1,0,0,1,0,1,0,1,0,1,0,0,1
6000,1601.9163302636496,2,205.0,240.0,Semiurban,1,0,0,1,0,1,0,1,0,0,1,1,0
9357,1601.9163302636496,3+,292.0,360.0,Semiurban,1,0,0,1,1,0,0,1,0,0,1,0,1
3859,3300.0,0,142.0,180.0,Rural,1,0,0,1,0,1,0,1,0,1,0,0,1
16120,1601.9163302636496,0,260.0,360.0,Urban,1,0,0,1,0,1,0,1,0,0,1,0,1
3833,1601.9163302636496,0,110.0,360.0,Rural,0,1,0,1,1,0,0,1,0,1,0,0,1
6383,1000.0,2,187.0,360.0,Rural,0,1,0,1,0,1,0,1,0,0,1,1,0
2987,1601.9163302636496,2,88.0,360.0,Semiurban,1,0,0,1,1,0,1,0,0,1,0,1,0
9963,1601.9163302636496,0,180.0,360.0,Rural,1,0,0,1,0,1,0,1,0,0,1,0,1
5780,1601.9163302636496,2,192.0,360.0,Urban,1,0,0,1,0,1,0,1,0,1,0,0,1
416,41667.0,3+,350.0,180.0,Urban,1,0,1,0,1,0,0,0,1,1,0,1,0
2894,2792.0,0,155.0,360.0,Rural,0,1,0,1,0,1,0,1,0,1,0,0,1
5703,1601.9163302636496,3+,128.0,360.0,Urban,1,0,0,1,0,1,0,1,0,1,0,0,1
3676,4301.0,0,172.0,360.0,Rural,1,0,0,1,1,0,0,1,0,1,0,0,1
12000,1601.9163302636496,1,496.0,360.0,Semiurban,1,0,1,0,0,1,0,1,0,1,0,0,1
2400,3800.0,0,142.51153039832286,180.0,Urban,0,1,0,1,0,1,0,1,0,1,0,1,0
3400,2500.0,1,173.0,360.0,Semiurban,1,0,0,1,0,1,0,1,0,1,0,0,1
3987,1411.0,2,157.0,360.0,Rural,0,1,0,1,0,1,0,1,0,1,0,0,1
3232,1950.0,0,108.0,360.0,Rural,1,0,0,1,0,1,0,1,0,1,0,0,1
2900,1601.9163302636496,0,71.0,360.0,Rural,1,0,1,0,1,0,0,1,0,1,0,0,1
4106,1601.9163302636496,3+,40.0,180.0,Rural,1,0,0,1,0,1,0,1,0,1,0,0,1
8072,240.0,1,253.0,360.0,Urban,1,0,0,1,0,1,0,1,0,1,0,0,1
7583,1601.9163302636496,2,187.0,360.0,Urban,1,0,0,1,0,1,0,1,0,1,0,0,1
4583,1601.9163302636496,0,133.0,360.0,Semiurban,1,0,1,0,1,0,1,0,0,0,1,1,0
